{"cameraMode":{"drawMode":0,"name":"Shaded","section":"Shading Mode"},"sceneLighting":false,"audioPlay":false,"sceneViewState":{"m_AlwaysRefresh":false,"showFog":true,"showSkybox":false,"showFlares":true,"showImageEffects":true,"showParticleSystems":true,"showVisualEffectGraphs":true,"m_FxEnabled":true},"in2DMode":false,"pivot":{"x":10.111111640930176,"y":-2.418856620788574,"z":-7.526215553283691},"rotation":{"x":0.016998568549752237,"y":0.9643974304199219,"z":-0.2560346722602844,"w":0.06402954459190369},"size":10.855792999267579,"orthographic":false}