{"cameraMode":{"drawMode":0,"name":"Shaded","section":"Shading Mode"},"sceneLighting":true,"audioPlay":false,"sceneViewState":{"m_AlwaysRefresh":false,"showFog":true,"showSkybox":true,"showFlares":true,"showImageEffects":true,"showParticleSystems":true,"showVisualEffectGraphs":true,"m_FxEnabled":true},"in2DMode":false,"pivot":{"x":394.4886779785156,"y":-1157.0167236328125,"z":1132.82373046875},"rotation":{"x":0.4967871308326721,"y":-0.007756280712783337,"z":0.004567492753267288,"w":0.8678614497184753},"size":713.8790283203125,"orthographic":false}