{"cameraMode":{"drawMode":0,"name":"Shaded","section":"Shading Mode"},"sceneLighting":true,"audioPlay":false,"sceneViewState":{"m_AlwaysRefresh":false,"showFog":true,"showSkybox":true,"showFlares":true,"showImageEffects":true,"showParticleSystems":true,"showVisualEffectGraphs":true,"m_FxEnabled":true},"in2DMode":false,"pivot":{"x":-4.268650054931641,"y":4.6266679763793949,"z":-15.730788230895996},"rotation":{"x":0.30169209837913515,"y":0.23692269623279572,"z":-0.07769206166267395,"w":0.9202179908752441},"size":18.519914627075197,"orthographic":false}